var,raw min,raw max,mean,scale,weighted min,weighted max
state_t,139.066951627729,427.70742924037677,247.14520624472877,30.32932802572531,,
state_q0001,4.9788810604130645e-9,0.022433367144877255,0.002562597524585494,0.00420726609779582,,
state_q0002,0.0,0.0008859396248053924,7.318957104056533e-6,0.00002152218256419489,,
state_q0003,0.0,0.0009639582224533099,3.6018124951076787e-6,0.00001346706655490487,,
state_u,-161.26975517091128,262.1931295957444,9.047307311439887,19.075262338311518,,
state_v,-234.9857988493619,175.29195369344916,-0.018793440978838172,7.161877097838131,,
state_ps,69601.75163287709,105041.82627974053,98623.46456147757,4439.827760316482,,
pbuf_SOLIN,0.0,1405.8389921625753,340.5049411879616,438.8071764115965,,
pbuf_LHFLX,-170.2375488110486,841.8622902356066,72.6150212328082,78.4159384195673,,
pbuf_SHFLX,-119.89932678047288,696.5057618541042,22.371722098062868,59.52906524924308,,
pbuf_TAUX,-1.0596849496387668,1.7063509734572364,-0.0025150637089697498,0.08677412849077469,,
pbuf_TAUY,-1.133104209773732,1.102538952146956,-0.002411443616484564,0.06861349694420993,,
pbuf_COSZRS,0.0,0.9996588517664002,0.2502758177798615,0.32238535652464617,,
cam_in_ALDIF,0.009156862967057866,1.0,0.5597923409017955,0.43019531116864995,,
cam_in_ALDIR,0.009156862967057866,1.0,0.57616151708603,0.4177859307100419,,
cam_in_ASDIF,0.009156862967057866,1.0,0.5484697791875429,0.45151101548145345,,
cam_in_ASDIR,0.009156862967057866,1.0,0.5652170257181894,0.4391461880747101,,
cam_in_LWUP,93.69648255883999,768.2191628358361,404.13197474516244,77.49269738124777,,
cam_in_ICEFRAC,0.0,0.9908431370329421,0.037132690840431755,0.14472720282625084,,
cam_in_LANDFRAC,0.0,1.0,0.2994457278575337,0.3896845614909265,,
cam_in_OCNFRAC,0.0,1.0,0.6634215813018696,0.4127895134275545,,
cam_in_SNOWHLAND,0.0,1.0000685037894248,0.05345906221975672,0.20904997773705453,,
pbuf_ozone,9.019385907239114e-9,0.00001816645655793655,1.9596480633360686e-6,3.9271118961149026e-6,,
pbuf_CH4,1.787641615109473e-10,9.986058137126286e-7,8.227088821870967e-7,2.9289480021665834e-7,,
pbuf_N2O,3.652233288930161e-10,4.908583856935717e-7,3.884402708455645e-7,1.6356121230522813e-7,,
pressure,7.834781169891357,99263.5546875,41001.42063216866,35083.24135739539,,
density,0.00006382608116530003,1.6888991592549467,0.5383806576910658,0.4301986191978998,,
recip_density,100.0,15667.576353468248,400.6939344453595,1196.8775004061758,,
recip_ice_cloud,1037.3893564131467,10000000.0,7283411.88268569,4173461.452066205,,
recip_water_cloud,1128.7450882667792,10000000.0,6818718.242435533,4454165.502868496,,
wind_rh_prod,1.9368796638238837e-9,3707.766205949066,6.191920086005166,7.543884732252531,,
wind_cloud_prod,0.0,0.02197900922982032,0.00011150032682164027,0.00033005001595965246,,
total_cloud,0.0,0.0009639582224533099,0.00001092076959916407,0.000027070072112605146,,
total_cloud_density,0.0,0.0009046241199492427,9.919716537592734e-6,0.000025439167381332747,,
total_gwp,0.00019930179034909816,0.01833347755303697,0.002230234033715258,0.0038663460531293426,,
sensible_flux_gwp_prod,-2.114407754071062,12.727941396013394,0.05039610019943283,0.288265055118948,,
up_lw_flux_gwp_prod,0.019692541443158875,12.408279782223651,0.9038277099603158,1.6461730483843096,,
abs_wind,0.0007939401647325944,269.02610722542374,16.335126785904087,15.171548125008213,,
abs_momentum,1.2548904252235972e-6,46.277371603336114,5.678362140856663,5.319136564046976,,
abs_stress,9.38323787190504e-8,1.7064286767055774,0.07376293620005678,0.08251503612777875,,
rel_humidity,2.6660054749731996e-11,162.18882731265822,0.5053129256088464,0.3986678866235603,,
recip_rel_humidity,0.006165652816961664,10.0,4.334662296882204,3.9459476932565027,,
buoyancy,-30.66569583839065,0.8456570439941868,-0.9485054296876118,1.7961980010087635,,
up_integ_tot_cloud,4.3399160408927306e-30,3.5658500228451357,1.4880235027451805,0.8643077170707552,,
down_integ_tot_cloud,4.648002962626347e-30,3.5658500228452166,1.4875777343975176,0.8643110962670538,,
lat_heat_div_density,-1273403.3305346447,7158000.591294587,28992.680705949908,130970.7482195619,,
sen_heat_div_density,-964229.4292545394,5437873.444785669,8927.874026740312,79016.78622419393,,
vert_insolation,0.0,1404.6814808702059,226.6219325085853,364.7671665250372,,
direct_sw_absorb,0.0,1370.4927564530335,209.16585725339263,349.61162562139145,,
diffuse_sw_absorb,0.0,1324.1630953501444,205.62866368813778,339.39782233862934,,
direct_lw_absorb,0.0,593.2234955384688,175.32933634974654,182.08542681806898,,
diffuse_lw_absorb,0.0,576.1010970603119,181.38461740575346,185.65964451985744,,
ptend_t_0,-0.0020301166358195626,0.007940004223343233,0.3188909408755783,1.0001543939427626,-62.895582026739646,245.9913771015123
ptend_t_1,-0.0037861388946562615,0.021562709528816365,-0.15803387181626707,1.0000694918808817,-85.19733458669685,485.2134138330683
ptend_t_2,-0.00670399923965114,0.0035969056219234117,-0.0599572653251103,0.9999753885959124,-126.66634799367836,67.96046403350691
ptend_t_3,-0.004387624458619778,0.0001950641737851555,-0.04635759398986477,1.0000204968902902,-63.68305517812135,2.831209156478813
ptend_t_4,-0.0003403639543423746,0.0001924659095998275,-0.039755168529326035,0.9999998574119472,-3.7250615866204653,2.10641390616558
ptend_t_5,-0.0002866424147739603,0.0002508421151771027,-0.020174282286931584,0.9999785473947607,-2.5984165628028726,2.273886463169375
ptend_t_6,-0.00021097604130465203,0.0002746387916442927,-0.003059994935693722,0.9999556379740444,-2.0388026382606115,2.654018387635486
ptend_t_7,-0.0002002739262446577,0.000234563402205481,0.005020521758750573,0.9999427888876348,-2.5411872014572965,2.976271184131482
ptend_t_8,-0.00012703100272958066,0.0001588714740613284,0.00364857086779956,0.9999308720866791,-2.526668527322188,3.159980987118253
ptend_t_9,-0.00009489841074606413,0.00013053863971336456,-0.0003888753285834702,0.9999352022903811,-2.4513562614448934,3.3719923158473653
ptend_t_10,-0.00007510600580502569,0.00009997782089226822,0.004784818707777607,0.9999395934208322,-2.545370142831551,3.3882850980675046
ptend_t_11,-0.00005856980774069598,0.00007512878441460203,0.008360243792452815,0.99993846128973,-2.584272177781589,3.3149029304104043
ptend_t_12,-0.00004350988370594185,0.00005675784255357049,0.017861191460858034,0.9999212267462751,-2.602380790720544,3.3947578481801766
ptend_t_13,-0.00003703139349795492,0.00004080578282921484,0.03001904559362786,0.9999140510846044,-2.941554488500255,3.241369613721731
ptend_t_14,-0.00010385448999282214,0.00005967689497630602,0.06119296216543892,0.9999089234670052,-11.149694372476999,6.4068403795561215
ptend_t_15,-0.0004466552979008516,0.00020871042953589361,0.1268465011896039,0.99992955574579,-60.62043304108669,28.326355196318737
ptend_t_16,-0.0019378766497158276,0.0007526608726530052,0.2572485271774808,1.0000146212384324,-289.51846356119455,112.44741478518792
ptend_t_17,-0.0016660810769898878,0.0025103586534351765,0.21210791448116728,1.0002236977420549,-214.07967560927975,322.56339359024645
ptend_t_18,-0.002331244345030304,0.0008004813807519184,0.06971176688191935,1.0002963094309045,-213.8828958881219,73.44115437093622
ptend_t_19,-0.002089589378338085,0.0012417161352144509,-0.028480395664595187,1.0002093012405677,-152.01505522146422,90.33332042208895
ptend_t_20,-0.0015814769593993105,0.001903091640540803,-0.023333150656804694,1.000176490352224,-105.21809120747639,126.61560993380817
ptend_t_21,-0.0012649367092135815,0.001360849646290608,-0.14997479178130096,1.0001119081625374,-79.60538403492549,85.64140633890399
ptend_t_22,-0.001093714740156789,0.002049443305661356,-0.23338889909233534,1.0001581643067652,-61.91548536861084,116.01953630732135
ptend_t_23,-0.001144275260970223,0.0018547763768415849,-0.27953892256948554,1.0001278850851378,-56.61089440941644,91.76161820839307
ptend_t_24,-0.0008518582846379748,0.001710029417426071,-0.28469604153343026,1.0001738132756717,-36.65476768446294,73.58117207956529
ptend_t_25,-0.000942122845823666,0.001935656791388188,-0.24434851993433046,1.0001974235610949,-34.77627434172876,71.45026989542421
ptend_t_26,-0.000838911777325464,0.0014606839463401874,-0.18315546128748114,1.0001605351863403,-26.41475739813556,45.9924548930947
ptend_t_27,-0.001152816988401734,0.0014774811512427276,-0.1259490030860786,1.0001256125297993,-31.008555506459977,39.74139585813688
ptend_t_28,-0.0009344697045446774,0.0014986389549631932,-0.08334127477891601,1.000077571029326,-21.78869208726987,34.94322242965742
ptend_t_29,-0.0009935184775298703,0.0017181891075971833,-0.052567832062165205,1.0000900038265519,-20.327121123600595,35.1536875189411
ptend_t_30,-0.0007295621982897889,0.0018010140076072645,-0.031019058206351764,1.000075977001371,-13.413499376861804,33.11287279602675
ptend_t_31,-0.0010698406519227413,0.0016454678459505109,-0.015457804571304726,1.0000645316658472,-18.306476795689154,28.1562669036818
ptend_t_32,-0.001193827277663786,0.0018149668649434147,-0.004515385299487732,1.0000600636507673,-19.504523139289795,29.652583649795528
ptend_t_33,-0.0013442319826325881,0.0017571212246747811,0.0030164414632259193,1.0000837631869277,-21.31650800672111,27.864006465018875
ptend_t_34,-0.0012754850973053066,0.0015542685982029526,0.0075309069461758004,1.0001022392364491,-19.8732089224267,24.21690746439272
ptend_t_35,-0.0015754405430576431,0.0014463373097435314,0.01004426280705451,1.000084019000806,-24.41553233010459,22.414743293163827
ptend_t_36,-0.001610934046850853,0.001335629989989163,0.010831274707232504,1.0000975552015678,-25.15031425474549,20.852196923863303
ptend_t_37,-0.001328075599375514,0.0013643435653834027,0.011000024032599505,1.0001018203359031,-20.980784998056325,21.553742138061107
ptend_t_38,-0.001050968307681283,0.0014974457545948402,0.010921358148545088,1.0000987814376043,-16.788397636652096,23.920526036526887
ptend_t_39,-0.0010256086782682416,0.001395961943625726,0.009773379530003934,1.0000883710216113,-16.54347363657158,22.517418291569207
ptend_t_40,-0.0008597190832307433,0.0012175091552179633,0.007520618341137717,1.0000839809466655,-13.980159270231189,19.798294855743514
ptend_t_41,-0.0009362499202718292,0.0012025838109148404,0.00420243780115523,1.0000665556305095,-15.32818295570466,19.688572756213727
ptend_t_42,-0.0007491119727913068,0.0012147452566511183,-0.0006335327735902083,1.0000519507134953,-12.283203771724894,19.918201897887343
ptend_t_43,-0.0006923862056225497,0.0012688973338870824,-0.006395687027160608,1.0000561279473827,-11.303526004451566,20.71533761663488
ptend_t_44,-0.0006090408954352711,0.001284528998660998,-0.011430977377025144,1.0000384654123917,-9.88390611218265,20.846160112232802
ptend_t_45,-0.0006959289265784226,0.0012293752460253889,-0.011348834639087431,1.0000144636785542,-11.268348704518754,19.905809963995726
ptend_t_46,-0.0006518354451447787,0.001367789446623012,-0.003158872646903068,1.0000230841750937,-10.65177854260462,22.351331746164934
ptend_t_47,-0.0006813654626244177,0.001441710103967561,0.011144431857800195,1.0000120167441116,-11.341812815720905,23.998290243171503
ptend_t_48,-0.0006958401295304384,0.0013452211739438742,0.0267806312090874,1.0000319303743863,-11.833104950546238,22.876150221052416
ptend_t_49,-0.0008996019205119883,0.001284424587898106,0.04159934401463309,1.0000306869761868,-15.680330226188437,22.387904282614194
ptend_t_50,-0.0008678162133046404,0.0013280482378344042,0.05487169624876549,1.0000244514306047,-15.540193408897444,23.781678834625797
ptend_t_51,-0.0011654564165203378,0.0013037165744921708,0.06814584599434127,1.000006475570411,-21.481172106641186,24.029521583107872
ptend_t_52,-0.0011340184248587566,0.001418343931676797,0.08132271224162797,1.0000291436215027,-21.58317313544652,26.994590186489294
ptend_t_53,-0.0012105956941076102,0.001334037752063703,0.08757779298064756,1.0000363331108215,-23.85037566805397,26.282351487743938
ptend_t_54,-0.0010222071501387593,0.0017133066247128662,0.07965345940194336,1.0000599138732937,-20.861445379755963,34.965566974726904
ptend_t_55,-0.000995907787763078,0.0014723805205228283,0.044174415019536874,1.0000563663885464,-20.881405685117187,30.871708555426398
ptend_t_56,-0.001085864438509058,0.0010915557048784782,-0.028398182812941777,1.0000483740807453,-23.01427491919194,23.13489805060605
ptend_t_57,-0.0013352778389928233,0.001039616553152219,-0.18209722118112126,1.0000740103000902,-28.159035454164837,21.92397606256335
ptend_t_58,-0.0016581834986993727,0.0010166945687526171,-0.49014140859070443,1.0000915844065934,-32.231630826690726,19.762423175263432
ptend_t_59,-0.001782692032084062,0.0009950526156553962,-0.8495110967262426,1.0000998092940758,-24.383488182528488,13.610232871497633
ptend_q0001_0,-1.1190786040668127e-11,1.8081592561702364e-11,0.0,1e-30,0.0,0.0
ptend_q0001_1,-1.0895678024328868e-11,1.480026387473359e-11,0.0,1e-30,0.0,0.0
ptend_q0001_2,-1.0685745747878693e-11,1.4009461564244229e-11,0.0,1e-30,0.0,0.0
ptend_q0001_3,-8.02824111672893e-12,2.7747944169032014e-12,0.0,1e-30,0.0,0.0
ptend_q0001_4,0.0,0.0,0.0,1e-30,0.0,0.0
ptend_q0001_5,0.0,0.0,0.0,1e-30,0.0,0.0
ptend_q0001_6,0.0,0.0,0.0,1e-30,0.0,0.0
ptend_q0001_7,0.0,0.0,0.0,1e-30,0.0,0.0
ptend_q0001_8,0.0,0.0,0.0,1e-30,0.0,0.0
ptend_q0001_9,0.0,0.0,0.0,1e-30,0.0,0.0
ptend_q0001_10,0.0,0.0,0.0,1e-30,0.0,0.0
ptend_q0001_11,0.0,0.0,0.0,1e-30,0.0,0.0
ptend_q0001_12,-1.0226035038298741e-10,5.245202373541619e-11,0.002585763567408803,1.0005690902172684,-89.12280378649038,45.713430494499235
ptend_q0001_13,-8.77557625214457e-11,1.0376433489765951e-10,0.008183883649505305,1.0005574498673389,-95.05895245471501,112.39978656810428
ptend_q0001_14,-6.567582829400646e-10,1.1027257672462967e-8,0.0014621563237276448,1.00057046957403,-96.56629170051266,1621.390104573609
ptend_q0001_15,-9.066576968970207e-9,1.5901709849939904e-8,0.001712214006328887,1.000571093687693,-322.37162391918,565.4019201470468
ptend_q0001_16,-9.939201811878529e-9,1.4867838511602574e-8,0.0011762890120927017,1.0005508920355348,-349.39643141691795,522.6546172579565
ptend_q0001_17,-1.2228208411656241e-8,1.771980063955505e-8,-0.011795001363079434,1.0005070069129691,-563.5537212962934,816.6412654147047
ptend_q0001_18,-1.2400873307774175e-8,3.791299816638338e-8,-0.014489099056251183,1.0005092101867596,-306.16894549113783,936.045581703674
ptend_q0001_19,-1.6930279605876774e-8,3.236831434738159e-8,-0.028937073379498534,1.0002913809295824,-192.04484437374464,367.1627425057771
ptend_q0001_20,-1.7147568669248418e-8,2.8628387494879394e-8,-0.05115066847708033,1.000177940685682,-92.53899180137167,154.4966617002766
ptend_q0001_21,-3.70914692357601e-8,3.927681884946762e-8,-0.07628885028921101,1.0002507653146318,-90.85010173045147,96.2027943795342
ptend_q0001_22,-5.976319485111843e-8,5.8637667350091636e-8,-0.10093293349057725,1.0002617602071582,-67.66543622280179,66.39108485106763
ptend_q0001_23,-9.459604949533687e-8,1.0144867693010814e-7,-0.1222002282352404,1.000264163522147,-54.82293702160418,58.79436251234311
ptend_q0001_24,-1.1286788413884672e-7,1.3921068683457062e-7,-0.14173184536166414,1.0001971460535426,-37.27114768667174,45.970048151088754
ptend_q0001_25,-1.8781123926853555e-7,1.7563442364120807e-7,-0.15781820278172667,1.0001331536252218,-38.992229541529035,36.464152990440674
ptend_q0001_26,-2.7088385966929264e-7,2.300048644821342e-7,-0.16873633348266592,1.000079890550425,-39.1644676034942,33.25417053143742
ptend_q0001_27,-3.25586354187342e-7,2.272361429308207e-7,-0.1741370744578603,1.000071229801415,-35.7927767906358,24.980815191068857
ptend_q0001_28,-3.4603124773098976e-7,2.6606567325267763e-7,-0.17432025190265235,1.0000707114257952,-30.695256549961606,23.60178207367653
ptend_q0001_29,-4.070086271942781e-7,2.9380105390636036e-7,-0.171668341741535,1.0000943519570822,-30.045286317009584,21.688328440866677
ptend_q0001_30,-4.084403079939476e-7,3.1104266117850973e-7,-0.16941382203953964,1.0001042054570763,-25.98333403642693,19.78728643280756
ptend_q0001_31,-4.4430091516696164e-7,3.688167737776378e-7,-0.16551475174442074,1.000099629255615,-25.436343929907995,21.114857036478746
ptend_q0001_32,-5.267949068840969e-7,5.012765096342559e-7,-0.15801094381199662,1.0001047679042885,-27.907525478741608,26.5556610014655
ptend_q0001_33,-5.334967073492361e-7,5.764177357673723e-7,-0.1462819420294776,1.0001047913706316,-26.48980226601897,28.620967351366588
ptend_q0001_34,-5.596425003722786e-7,4.833307811964949e-7,-0.13150321260026204,1.0001198144424117,-26.04854625303789,22.49661918302992
ptend_q0001_35,-6.616327704077571e-7,5.641073480892863e-7,-0.1156295405838955,1.00012085886936,-28.561103384801307,24.351164285552002
ptend_q0001_36,-7.66506429548818e-7,6.343647083183121e-7,-0.10014546068316278,1.0001178923743612,-30.448989004437568,25.19974169004323
ptend_q0001_37,-7.692514121088154e-7,8.896669582167963e-7,-0.08568175794692089,1.0001017954442637,-27.937039890187812,32.31019262291435
ptend_q0001_38,-7.244848245826126e-7,8.443383203459046e-7,-0.07204983570122415,1.000117591686418,-23.949665644301845,27.91172399588334
ptend_q0001_39,-9.913431824129924e-7,1.0145974299909338e-6,-0.05897994157890809,1.0001131017888591,-29.610518238387566,30.305101440493814
ptend_q0001_40,-9.393121290606656e-7,9.508916717511763e-7,-0.04595654927246317,1.0001211793035951,-25.34488324469173,25.65732694518073
ptend_q0001_41,-8.761459451970766e-7,8.941901030206383e-7,-0.032826053746032036,1.0001267196490773,-21.392185443063706,21.83275584396731
ptend_q0001_42,-9.60297761560488e-7,9.932456847063088e-7,-0.01943682891392343,1.0001016846056903,-21.389337866762276,22.123208431064
ptend_q0001_43,-9.071181366160913e-7,1.0398099660548495e-6,-0.004677885348921116,1.0000809391367498,-18.644385537779616,21.37165724132899
ptend_q0001_44,-9.719212095255597e-7,1.0121521953553514e-6,0.009148053228357923,1.0000900277856877,-18.676671255965026,19.44975953645763
ptend_q0001_45,-8.97197805261512e-7,9.58896875630743e-7,0.019093734343593738,1.000055755081013,-16.30001558552254,17.420945443724296
ptend_q0001_46,-1.058686885607219e-6,9.180695706221353e-7,0.02164394277451994,1.0000851978919219,-18.52898493076917,16.06792099790536
ptend_q0001_47,-1.051444483596492e-6,9.034769896369467e-7,0.015838907755887623,1.0000533245132777,-18.053237256832475,15.512644466223717
ptend_q0001_48,-1.025191002364891e-6,8.397165391821959e-7,0.004950278669995276,1.0000705381716484,-17.433764883337552,14.279700737699
ptend_q0001_49,-9.423850396501161e-7,8.955131926147684e-7,-0.011229194787150069,1.000082579756393,-16.019108788979167,15.222358856405538
ptend_q0001_50,-8.709522675974191e-7,8.413265343678132e-7,-0.035020009320005624,1.0000806710793333,-14.878382643099881,14.372289471899576
ptend_q0001_51,-9.081879975607694e-7,7.395495069421453e-7,-0.07249570573499349,1.0000804804615375,-15.646247178584552,12.74094616697781
ptend_q0001_52,-8.741230049752642e-7,7.697918488855487e-7,-0.12978225179274586,1.0000887595914754,-15.24979541410117,13.429652509007578
ptend_q0001_53,-8.663587449378596e-7,6.35935544555062e-7,-0.204943751667401,1.0000912446379764,-15.384282608212091,11.292564650852631
ptend_q0001_54,-8.281667487143379e-7,5.999825273384346e-7,-0.2940877922390493,1.0000764645417806,-15.193623985708964,11.007335095893717
ptend_q0001_55,-9.080286643768469e-7,5.654139041631177e-7,-0.37782259972336396,1.0000814638998383,-17.61627699437948,10.969354099682086
ptend_q0001_56,-1.0378321825555997e-6,5.039011637291289e-7,-0.43620464538432063,1.0000683528112613,-21.282536551558675,10.333361323436899
ptend_q0001_57,-1.0409977358550251e-6,4.81818334754173e-7,-0.4429791059696664,1.000062697406401,-23.390853089565844,10.826288565207465
ptend_q0001_58,-9.311685586458971e-7,5.61556351318572e-7,-0.4239128009481939,1.000053627254894,-21.819170956255583,13.15840608794704
ptend_q0001_59,-9.881524007111266e-7,6.699439364569321e-7,-0.37765687279076376,1.0000568985885392,-25.893706977723628,17.55532038340892
ptend_q0002_0,0.0,0.0,0.0,1e-30,0.0,0.0
ptend_q0002_1,0.0,0.0,0.0,1e-30,0.0,0.0
ptend_q0002_2,0.0,0.0,0.0,1e-30,0.0,0.0
ptend_q0002_3,0.0,0.0,0.0,1e-30,0.0,0.0
ptend_q0002_4,0.0,0.0,0.0,1e-30,0.0,0.0
ptend_q0002_5,0.0,0.0,0.0,1e-30,0.0,0.0
ptend_q0002_6,0.0,0.0,0.0,1e-30,0.0,0.0
ptend_q0002_7,0.0,0.0,0.0,1e-30,0.0,0.0
ptend_q0002_8,0.0,0.0,0.0,1e-30,0.0,0.0
ptend_q0002_9,0.0,0.0,0.0,1e-30,0.0,0.0
ptend_q0002_10,0.0,0.0,0.0,1e-30,0.0,0.0
ptend_q0002_11,0.0,0.0,0.0,1e-30,0.0,0.0
ptend_q0002_12,-2.692638476909033e-38,-2.1473569287542685e-53,-2.1174270353483606e-26,2.200084704485661e-25,-2.6926384769090334e-23,-2.1473569287542686e-38
ptend_q0002_13,-1.8047277675416653e-43,0.0,-8.193161905539649e-32,1.0329294033911819e-30,-1.8047277675416654e-28,0.0
ptend_q0002_14,-3.4568419634524655e-48,0.0,-4.910657649458621e-37,1e-30,-3.456841963452466e-33,0.0
ptend_q0002_15,-6.381237267561655e-48,0.0,-9.35666026600922e-40,1e-30,-6.381237267561655e-33,0.0
ptend_q0002_16,-1.9592021055394953e-44,0.0,-5.803717624997189e-36,1e-30,-1.9592021055394953e-29,0.0
ptend_q0002_17,-1.3947599115989293e-39,0.0,-3.8434741932100626e-31,5.347793337547986e-28,-1.3947599115989293e-24,0.0
ptend_q0002_18,-8.14260051935312e-37,0.0,-3.048500646608163e-28,3.6269842754691855e-25,-8.14260051935312e-22,0.0
ptend_q0002_19,-1.9362630451901274e-34,0.0,-1.0155354215682226e-25,9.269767281156939e-23,-1.9362630451901274e-19,0.0
ptend_q0002_20,-1.6097461535421174e-31,0.0,-6.472312051436816e-23,6.805761800266942e-20,-1.6097461535421175e-16,0.0
ptend_q0002_21,-1.17565530559749e-28,0.0,-4.507889543605535e-20,5.2207981466688315e-17,-1.1756553055974902e-13,0.0
ptend_q0002_22,-9.266323275947732e-26,0.0,-3.6569142415674155e-17,4.3905584149506666e-14,-9.266323275947731e-11,0.0
ptend_q0002_23,-6.226475179289799e-23,0.0,-2.901546045263121e-14,3.177021901692158e-11,-6.226475179289799e-8,0.0
ptend_q0002_24,-1.7506402040736702e-19,0.0,-6.077707344941111e-11,6.616500339120059e-8,-0.00017506402040736702,0.0
ptend_q0002_25,-6.1044498114859955e-15,0.0,-1.1170769335465217e-6,0.0020466405523286075,-6.1044498114859955,0.0
ptend_q0002_26,-8.310831659863998e-10,0.0,-0.000514987651118202,1.0005712155747666,-3053.2581105598542,0.0
ptend_q0002_27,-2.748314199485333e-9,6.793354445556742e-9,-0.002893392491258757,1.000571210921952,-1020.7392037921659,2523.089684990934
ptend_q0002_28,-1.4344441214471086e-8,1.2977617064108209e-8,-0.04893468194578493,1.0005698499518703,-203.96595655105665,184.53086032823535
ptend_q0002_29,-3.9760869501661076e-8,2.314976830102263e-8,-0.09501349500473488,1.0004994099986462,-119.35668372825386,69.4924333425878
ptend_q0002_30,-6.029297416047244e-8,4.267818120244867e-8,-0.11569808247740256,1.0002435298920054,-86.3857589847951,61.14787214595843
ptend_q0002_31,-6.598146276205529e-8,6.619721742140076e-8,-0.08514655668304612,1.000147844650891,-58.36718909480134,58.55804562439231
ptend_q0002_32,-1.0051915898148837e-7,8.075483411172661e-8,-0.04394139681623646,1.000127328310639,-56.3035934819871,45.23304211458134
ptend_q0002_33,-1.191503193152211e-7,1.0045781728103399e-7,-0.02562333776723809,1.0000771122381638,-45.99828671496109,38.78199830776173
ptend_q0002_34,-1.2816723612864786e-7,1.3417295969720119e-7,-0.017558840705802638,0.9999913484151258,-36.82652920099126,38.55216487084694
ptend_q0002_35,-1.3735429842331943e-7,1.5823681832274284e-7,-0.01096487851421091,1.0000125294408402,-30.58930464532066,35.23991820673057
ptend_q0002_36,-1.6974205473321268e-7,2.0297415390821694e-7,-0.005442985619055243,0.9999788985962884,-30.735064783171513,36.75237571197981
ptend_q0002_37,-1.487394596570904e-7,2.3428209958088953e-7,-0.0026924550330781434,0.9999258854949279,-22.998223810135766,36.2249007310614
ptend_q0002_38,-1.8326917227050025e-7,2.458025909320061e-7,-0.0009563789746229627,0.9999914518465266,-25.308332316979246,33.94380832636659
ptend_q0002_39,-1.5616940125194976e-7,2.410129930845916e-7,0.000393810805584126,0.9999794943670921,-19.771956494125266,30.513649764844473
ptend_q0002_40,-1.792156503825727e-7,2.692973373190444e-7,0.0015125789113540026,0.9999970886308946,-21.141683174403582,31.768425208155616
ptend_q0002_41,-1.562801939293876e-7,2.6016428755439853e-7,0.0034742778320575158,0.9999584569512672,-17.34801020096885,28.879748616518654
ptend_q0002_42,-1.5202740691860565e-7,2.6789359093217945e-7,0.004799610648469995,0.9999439786859925,-15.99129183227161,28.178896683314978
ptend_q0002_43,-1.9158574776500404e-7,2.5583414648893504e-7,0.006304337396524864,0.999937566278729,-19.19078666869037,25.626428819004538
ptend_q0002_44,-1.892390701820582e-7,2.6851740239293347e-7,0.008085998866302225,0.9999540471099725,-18.08532183517627,25.66184475515433
ptend_q0002_45,-1.3645181141743503e-7,2.25905099685141e-7,0.0097004303159788,0.9999426407844444,-12.479532454358255,20.660700608079534
ptend_q0002_46,-1.4389070637374592e-7,2.2251421817510953e-7,0.010197209557728657,0.9999614041601304,-12.787798804666528,19.775196917930707
ptend_q0002_47,-1.2140579888704263e-7,2.672348381452125e-7,0.010068383005734902,0.9999033880499547,-10.784452380372862,23.738416227013357
ptend_q0002_48,-1.6184559419862024e-7,2.0792795714359375e-7,0.010034374301508402,0.9998927555891618,-14.792382025736682,19.004223075262832
ptend_q0002_49,-1.1388167511526453e-7,2.1083284728457667e-7,0.010540719053022778,0.9999724361741585,-10.99927658580884,20.363318315343417
ptend_q0002_50,-1.348100262497418e-7,2.916061346793362e-7,0.013072045035873586,0.9999591113055246,-14.088684703792289,30.47508411264497
ptend_q0002_51,-1.013785509795286e-7,2.3421825306559945e-7,0.01608649301332934,0.9999409955686956,-11.749279331039723,27.144752544860996
ptend_q0002_52,-1.023586486279888e-7,2.452244155212758e-7,0.01840197338344136,0.9999805987603928,-13.505169503148043,32.35483608191819
ptend_q0002_53,-7.061366388381064e-8,2.0162342631347397e-7,0.01754183107349042,0.9999845504813809,-10.90931296174185,31.149397115147757
ptend_q0002_54,-8.667142279588612e-8,1.918163881245321e-7,0.014766152546032677,1.0000008624761452,-15.873690649973721,35.1307721560634
ptend_q0002_55,-7.893997071407366e-8,1.8097578294887367e-7,0.010442986819221211,0.9998818999217943,-16.984043180275812,38.93718840257822
ptend_q0002_56,-6.829283498897467e-8,1.7153471364389406e-7,0.0069834269639284545,0.9997243177912393,-16.879141997493658,42.396230725553174
ptend_q0002_57,-7.561273287246009e-8,1.9147640913544588e-7,0.0015857892476074387,0.9997315123723273,-20.172938724022206,51.084542534661104
ptend_q0002_58,-7.197087994272767e-8,1.649921150335685e-7,-0.01632040611618891,0.9998028470788513,-20.088161388436433,46.051795354611286
ptend_q0002_59,-8.879537532583058e-8,1.5403974618160516e-7,-0.20985418738470518,0.9994038919337732,-32.902372531508135,57.07812028417396
ptend_q0003_0,0.0,0.0,0.0,1e-30,0.0,0.0
ptend_q0003_1,0.0,0.0,0.0,1e-30,0.0,0.0
ptend_q0003_2,0.0,0.0,0.0,1e-30,0.0,0.0
ptend_q0003_3,0.0,0.0,0.0,1e-30,0.0,0.0
ptend_q0003_4,0.0,0.0,0.0,1e-30,0.0,0.0
ptend_q0003_5,0.0,0.0,0.0,1e-30,0.0,0.0
ptend_q0003_6,0.0,0.0,0.0,1e-30,0.0,0.0
ptend_q0003_7,0.0,0.0,0.0,1e-30,0.0,0.0
ptend_q0003_8,0.0,0.0,0.0,1e-30,0.0,0.0
ptend_q0003_9,0.0,0.0,0.0,1e-30,0.0,0.0
ptend_q0003_10,0.0,0.0,0.0,1e-30,0.0,0.0
ptend_q0003_11,0.0,0.0,0.0,1e-30,0.0,0.0
ptend_q0003_12,-5.243711945263413e-11,9.671220304851114e-11,-0.0007514223368856963,1.0005712154793747,-46.02251335691983,84.88144854329252
ptend_q0003_13,-3.5601051711622884e-11,7.455970568141755e-11,-0.0008664417779153792,1.0005712154366113,-41.825074754822154,87.59475110688157
ptend_q0003_14,-3.2552991753853665e-10,6.526273932553035e-10,-0.0010439693911819183,1.0005712152347026,-413.6201264485793,829.2320010498253
ptend_q0003_15,-2.465508100622205e-8,5.846846048230109e-8,0.0000804665904169796,1.0005712159329097,-535.6887229734319,1270.3626859746346
ptend_q0003_16,-9.638027351159238e-8,3.529537657444891e-7,-0.0000522368791309607,1.0005711769214685,-304.5092957419094,1115.1421211040877
ptend_q0003_17,-1.2186983656474808e-7,6.293110596064786e-7,-0.0007577248493022524,1.0005692735294136,-132.91775176305063,686.360247624323
ptend_q0003_18,-1.8783490484935666e-7,5.075347132933335e-7,-0.004170179929319467,1.0005528805344528,-136.7376290546697,369.4685682319266
ptend_q0003_19,-2.2306421542332846e-7,6.334065723894999e-7,-0.00687279805053949,1.0004126594142477,-85.74578379576265,243.48120072891393
ptend_q0003_20,-2.478438651686823e-7,6.244020681717115e-7,-0.011316323251398,1.0001788340184274,-72.06984761684221,181.5681896106205
ptend_q0003_21,-2.88141448724274e-7,5.416690587066299e-7,-0.015103716067786507,1.0003985794975345,-67.05144248712507,126.04813329607957
ptend_q0003_22,-2.9112231435927877e-7,5.434307313713371e-7,-0.01705102087617614,1.0002654833121571,-57.487184768697745,107.30988770849918
ptend_q0003_23,-2.40835815458097e-7,5.491504934725518e-7,-0.01738315730235728,1.0002079387081904,-41.98030552967116,95.72291170188717
ptend_q0003_24,-2.4477255045743e-7,5.087859229420279e-7,-0.0180386461825795,1.0002355823086917,-39.29491330525031,81.67867963779628
ptend_q0003_25,-2.313815750551923e-7,4.866516505887304e-7,-0.019246437610676053,1.000183085620059,-35.53259719017107,74.73368209277905
ptend_q0003_26,-2.3618376952849522e-7,4.558979669714798e-7,-0.01987597427671625,1.0001637278020235,-35.92830453072824,69.35125569801286
ptend_q0003_27,-2.129419107198262e-7,5.607860557883352e-7,-0.018058075512721882,1.0001754127731322,-32.60472132885498,85.8650747158155
ptend_q0003_28,-1.992112928983867e-7,4.601030000373436e-7,-0.013911328323213096,1.0000727803810137,-30.66968325310654,70.83540832269591
ptend_q0003_29,-1.778594226149493e-7,3.7873735024799953e-7,-0.0060935266064007735,1.0000630929276237,-27.34316056975361,58.22506353241495
ptend_q0003_30,-1.6747117414635086e-7,3.074431799005863e-7,0.005516516173721783,1.0000924083921494,-25.924314413114967,47.59179423287238
ptend_q0003_31,-1.4084257565191838e-7,2.915213335876168e-7,0.01503937452123805,1.000082196064641,-23.006101443755576,47.61890601966047
ptend_q0003_32,-1.2700338138560108e-7,2.857217373231605e-7,0.018465536212504817,1.0001600731019915,-22.862277393921286,51.433666922003674
ptend_q0003_33,-1.1899982292692929e-7,2.2465502761469519e-7,0.01853080842289931,1.0001675673341521,-23.83856323151652,45.00387437012798
ptend_q0003_34,-1.2034268453565313e-7,2.0249822411354732e-7,0.01883654863775892,1.0001661565673674,-26.566202771866802,44.7024171307201
ptend_q0003_35,-1.2609404521633663e-7,2.270895056652333e-7,0.019946760663494132,1.0001961027513253,-30.425350128529747,54.79463925933516
ptend_q0003_36,-9.242656690342959e-8,2.1104155035518791e-7,0.019287268894611184,1.0001568970606693,-24.29607294942926,55.476266993100154
ptend_q0003_37,-8.895766962206683e-8,1.798219912690207e-7,0.016672158203116117,1.0001129488622629,-25.303912161780758,51.15016941382516
ptend_q0003_38,-7.382084841610633e-8,1.4105520222256135e-7,0.015047430284927565,1.0001052067883551,-22.565636996218,43.11790717766895
ptend_q0003_39,-7.118696633213235e-8,1.4588250843443404e-7,0.014630257322734928,1.000091986264456,-23.32121243073491,47.791852138419465
ptend_q0003_40,-6.820528898751044e-8,1.227238433494575e-7,0.013896204707746261,1.0000546992513644,-23.904132485626373,43.01142996561283
ptend_q0003_41,-7.390920090208673e-8,1.1410341034629623e-7,0.01261108381594848,1.0000321283829567,-27.639424317054182,42.67063553781691
ptend_q0003_42,-7.353503846668684e-8,9.40880504660149e-8,0.011272160393012322,1.000066170250806,-29.296133264986697,37.48439006180556
ptend_q0003_43,-6.546260172324904e-8,1.059799538335878e-7,0.010519373433252712,1.0000436008053517,-27.725268064887263,44.88551557976122
ptend_q0003_44,-4.818801809994456e-8,1.022533892360902e-7,0.010151877294065704,0.9999947733846388,-21.706150865639703,46.05973810083105
ptend_q0003_45,-4.4230394684480263e-8,9.790181659840988e-8,0.009835562665281551,0.9998736708702217,-21.18003439480503,46.88097082696383
ptend_q0003_46,-4.3545428886381904e-8,6.826739698151968e-8,0.009681272542406584,0.9997323210331992,-22.129801578809165,34.69351406423478
ptend_q0003_47,-4.23256221569693e-8,7.167293866056097e-8,0.011348361943824123,0.9996809444523528,-22.74196554797596,38.510562129381015
ptend_q0003_48,-3.83675591047261e-8,7.464294619707331e-8,0.014714668387877423,0.9997031179188471,-21.74882615266842,42.31169504247042
ptend_q0003_49,-2.8062753375912953e-8,7.066082772740396e-8,0.019309652264708103,0.9997623965855343,-16.686641942251516,42.01625962484335
ptend_q0003_50,-3.309639371076379e-8,6.339453986291196e-8,0.022706395223804462,0.9997648661212832,-20.510362349833642,39.28660611643692
ptend_q0003_51,-4.1634408326229504e-8,6.081916186251885e-8,0.024123446250666158,0.9998008708919044,-26.704120515263764,39.00913435080203
ptend_q0003_52,-4.460463997219529e-8,6.788442607030735e-8,0.02261088675650251,0.9997459982005872,-29.58581342157672,45.027063668687745
ptend_q0003_53,-4.6837305444851406e-8,5.864562268145962e-8,0.017535463490976077,0.999699046966447,-32.28377877532619,40.42295539436537
ptend_q0003_54,-4.7168153796254005e-8,4.6704564813933434e-8,0.008655080029099755,0.9996664671474711,-33.87658626534544,33.54363254790539
ptend_q0003_55,-4.59622858674887e-8,4.695885843436982e-8,-0.002021945126776691,0.9996893086981999,-34.19369776274197,34.93509912055992
ptend_q0003_56,-4.3766679155416005e-8,3.7505907216781485e-8,-0.01149206086992922,0.9995580810894007,-33.34041034492434,28.571103887634404
ptend_q0003_57,-4.193396918083245e-8,3.158691070151247e-8,-0.016625021633783422,0.9994253755230648,-32.41123545965986,24.413877822420034
ptend_q0003_58,-4.309561097639625e-8,2.80671830897469e-8,-0.03596498966455818,0.9996390977490794,-34.64892056107986,22.56604733559916
ptend_q0003_59,-4.322090943483401e-8,3.1115627583288363e-8,-0.1601907399231937,0.9996040324925214,-33.385938537637045,24.035228403093846
ptend_u_0,0.0,0.0,0.0,1e-30,0.0,0.0
ptend_u_1,0.0,0.0,0.0,1e-30,0.0,0.0
ptend_u_2,0.0,0.0,0.0,1e-30,0.0,0.0
ptend_u_3,0.0,0.0,0.0,1e-30,0.0,0.0
ptend_u_4,0.0,0.0,0.0,1e-30,0.0,0.0
ptend_u_5,0.0,0.0,0.0,1e-30,0.0,0.0
ptend_u_6,0.0,0.0,0.0,1e-30,0.0,0.0
ptend_u_7,0.0,0.0,0.0,1e-30,0.0,0.0
ptend_u_8,0.0,0.0,0.0,1e-30,0.0,0.0
ptend_u_9,0.0,0.0,0.0,1e-30,0.0,0.0
ptend_u_10,0.0,0.0,0.0,1e-30,0.0,0.0
ptend_u_11,0.0,0.0,0.0,1e-30,0.0,0.0
ptend_u_12,-0.00001727239361434559,0.000016761821138879068,0.03304351334734427,1.0003072831066397,-79.6917767371868,77.33608541660243
ptend_u_13,-0.00003595165179004859,0.000036110411052612255,0.009134648663402127,1.0002635522294727,-71.87845862955962,72.19586744161872
ptend_u_14,-0.0000987056338370144,0.000061929440451672,0.014174590591511426,1.0002582287040402,-89.29269243474059,56.0236155115297
ptend_u_15,-0.00033992167110942956,0.00010228677400855091,0.008863629055480535,1.0001178309597638,-147.46604728838406,44.37441779952108
ptend_u_16,-0.0004418200267167971,0.0010151646678014537,0.01518011202801807,1.000305800094942,-91.54572391020078,210.34353080946343
ptend_u_17,-0.0005080074513112369,0.0027677298545247747,0.05611199546248543,1.000075157248827,-54.781538077059906,298.4611702472299
ptend_u_18,-0.0009156661389170657,0.00821759465483773,0.08165398815045374,1.0003231569455722,-52.78624394540224,473.72719996800737
ptend_u_19,-0.0012957992884513115,0.00763920563749411,0.07537212726641841,1.0000907273902577,-52.617903675187705,310.2015798056361
ptend_u_20,-0.0017367728207707362,0.003372124177424922,0.0340383124732349,1.0000008849659279,-82.91330256834672,160.98475798164154
ptend_u_21,-0.0018623684146223832,0.0017474487266069705,0.0013079297663232646,1.0000396575363366,-96.22737464287835,90.28954849329556
ptend_u_22,-0.001507717698200519,0.0015648402471363128,-0.03393252114986696,0.9999129678105837,-85.0928695026371,88.31676321168676
ptend_u_23,-0.001527619395253031,0.0015291953227054204,-0.05853693323947157,0.9999298591883222,-92.34070717531345,92.43596798167846
ptend_u_24,-0.001460148935912772,0.0017623000322910694,-0.09000749526175258,1.0000280197038285,-95.27678475658176,114.99257145857611
ptend_u_25,-0.0014115269766643095,0.0014974625657324851,-0.11824159688614391,1.0000599797635175,-101.5182706053778,107.69883429979052
ptend_u_26,-0.0011691899354752447,0.0008523889229089144,-0.1264193263435198,1.0001229896703203,-91.81599592005676,66.9377450946793
ptend_u_27,-0.0010867812845797727,0.0007562756057532116,-0.12376934593894699,1.0002527938902164,-90.66179672466652,63.09025211373046
ptend_u_28,-0.0009682518215985425,0.001006214786162046,-0.11606139242655997,1.00012439992867,-84.27371978079297,87.57790177798353
ptend_u_29,-0.001055922561068042,0.0009360959111391853,-0.10734570329960623,1.0001371761395286,-95.44455130766765,84.61345321502662
ptend_u_30,-0.0010387989805393082,0.000952469133412183,-0.09966520892221009,1.0002067570898503,-97.6288126416684,89.51532713730036
ptend_u_31,-0.000719833613868422,0.0009649758666074396,-0.09044738977445117,1.0002507498403002,-70.23993152577779,94.16042469909452
ptend_u_32,-0.0006052714401498971,0.0008344018861312567,-0.07948105988729004,1.0002620521477479,-61.39160095420065,84.6318927853533
ptend_u_33,-0.0007053140338981567,0.0006879652004574166,-0.0641626293070638,1.000312850759054,-73.79749544499666,71.98227499667662
ptend_u_34,-0.0005222071055885043,0.0008796641390367777,-0.05035088671889729,1.0003118831116602,-55.189480527181914,92.96734255869384
ptend_u_35,-0.0004906237487993407,0.0005059449357531622,-0.04272835821648314,1.0003230308916344,-51.00651281110674,52.5993430003381
ptend_u_36,-0.000568341482549144,0.0006215536322341049,-0.04345119798736817,1.0002874291428816,-56.63540873336217,61.938016302092684
ptend_u_37,-0.00048598864262126005,0.0005930131819203914,-0.046470454576983546,1.000344439739938,-45.8241120400455,55.91550934806791
ptend_u_38,-0.0005394183483608117,0.0005404677966544936,-0.05026421402205259,1.0003311852668721,-48.28598029035204,48.37992155093106
ptend_u_39,-0.0005351186688532724,0.0007205761313753395,-0.0555211379147426,1.0003182376398678,-45.96961386731694,61.901421963680455
ptend_u_40,-0.0005668779678287464,0.0006740845425637095,-0.06560835151599102,1.0002628334111703,-46.928984497206926,55.80407926055752
ptend_u_41,-0.000607581310767431,0.0005689557680909137,-0.08136593715824533,1.0002214120351285,-48.09145032831775,45.034150286145966
ptend_u_42,-0.000590459532642312,0.0005014914076200327,-0.10227426943379558,1.000212803081538,-44.19460301436372,37.53553368120117
ptend_u_43,-0.000534742283224882,0.0008675541478728798,-0.12727214658038552,1.000189908938604,-37.63453014674976,61.0574359954419
ptend_u_44,-0.0006936963373476393,0.0005948976806365012,-0.1536456510870382,1.0001461580475801,-45.38164660310006,38.918233893052935
ptend_u_45,-0.0007659729612519772,0.0006096910728788219,-0.1735124986596458,1.0001274289152928,-45.9229528396788,36.55326728612385
ptend_u_46,-0.000721430821856579,0.0005066863204123635,-0.17392859359270954,1.0000667828449479,-39.50864155703623,27.748312947745625
ptend_u_47,-0.0008051748843149001,0.0006149932503905576,-0.1491703396852358,1.000127285529719,-40.55063048480703,30.972605496080806
ptend_u_48,-0.0009504510890455838,0.0005814573567228188,-0.1034229208602776,1.0001873751814836,-43.922788464699735,26.870639399472513
ptend_u_49,-0.0010821329486028178,0.0005682719285065015,-0.03905161015901616,1.0001708262475493,-45.44690858238259,23.866016110233407
ptend_u_50,-0.001054237299978178,0.000674415397608111,0.034347171454317656,1.0001126207629045,-39.736366584078446,25.42009988629471
ptend_u_51,-0.001005729138001247,0.0006399647793193175,0.1053899322013358,1.000135657451368,-34.02857847377248,21.653038467988466
ptend_u_52,-0.0011575500679556032,0.0008199301616824221,0.1638186200766863,1.0001621209741447,-36.86345249152253,26.11157598990839
ptend_u_53,-0.0008848952448026015,0.0008119844832052969,0.2024602187613591,1.000098758287468,-28.258373637294866,25.930030756600583
ptend_u_54,-0.0008476873049589973,0.0017764433273933468,0.19597884186151956,1.0000197766844363,-26.663845214483487,55.87769173470087
ptend_u_55,-0.0005430159149154256,0.0012860091527673637,0.16564625697760352,1.0000645460406261,-16.347715292846868,38.71582934491053
ptend_u_56,-0.0005517919609770402,0.0013629979707141659,0.15926282204452877,1.000208933097791,-14.875114035880335,36.743467971419626
ptend_u_57,-0.0005749531710166774,0.001028000632780035,0.17824223948403264,1.0001909501188095,-15.960725780788007,28.537343612290055
ptend_u_58,-0.0006083457732643005,0.0008504662583947701,0.1692235663090464,1.0001767670538093,-18.161174095261995,25.389287572387047
ptend_u_59,-0.0007908445366796765,0.0011144916411348115,0.1490670785005496,1.0000992780428735,-15.131567589916978,21.324046401119023
ptend_v_0,0.0,0.0,0.0,1e-30,0.0,0.0
ptend_v_1,0.0,0.0,0.0,1e-30,0.0,0.0
ptend_v_2,0.0,0.0,0.0,1e-30,0.0,0.0
ptend_v_3,0.0,0.0,0.0,1e-30,0.0,0.0
ptend_v_4,0.0,0.0,0.0,1e-30,0.0,0.0
ptend_v_5,0.0,0.0,0.0,1e-30,0.0,0.0
ptend_v_6,0.0,0.0,0.0,1e-30,0.0,0.0
ptend_v_7,0.0,0.0,0.0,1e-30,0.0,0.0
ptend_v_8,0.0,0.0,0.0,1e-30,0.0,0.0
ptend_v_9,0.0,0.0,0.0,1e-30,0.0,0.0
ptend_v_10,0.0,0.0,0.0,1e-30,0.0,0.0
ptend_v_11,0.0,0.0,0.0,1e-30,0.0,0.0
ptend_v_12,-0.000011266594684395484,9.401255595067326e-6,0.0012763302359374339,1.0002658590744886,-85.85078208508699,71.63700905440317
ptend_v_13,-0.000027718178030036918,0.00002171020770197448,0.00024375513160854114,1.0001660146436264,-87.26775850425659,68.35229793098478
ptend_v_14,-0.00003878915315432533,0.00004001931336347557,0.0014339420920776755,1.000191301937751,-50.752309910443685,52.36186998322725
ptend_v_15,-0.0000987688928945694,0.00021700569334310392,0.006139212805834707,1.0002210144688348,-53.38614439985196,117.2949998819104
ptend_v_16,-0.000461469005222405,0.00034744420839357055,0.0016908007994541744,1.000303761877582,-99.32525289760827,74.78288568886357
ptend_v_17,-0.0010342258445020184,0.0009085038720379076,-0.01014920646652849,1.000211224037287,-106.05647599158603,93.16409912328704
ptend_v_18,-0.0012703355554053294,0.0014017138738391152,-0.006061071805246741,1.0001672778797652,-86.95913245693441,95.95246067327928
ptend_v_19,-0.0023689385476875144,0.003520239295799995,0.008815478736250555,1.000197709969235,-120.08763180307325,178.4500492110286
ptend_v_20,-0.0013758938952447774,0.0025676523002388122,0.017054128458408136,1.0001173239969592,-70.84136504285186,132.20205026927306
ptend_v_21,-0.0032521471610192252,0.0022166305360990196,0.016826095569053474,1.0001233393611026,-169.45237457559418,115.49702067634409
ptend_v_22,-0.0027440544276330194,0.0013660358180024328,0.013328426673814129,0.9998959627524824,-148.2321504762398,73.79242368189293
ptend_v_23,-0.0021045255513523755,0.002324426400350636,-0.0015170851133713239,0.9998437745425978,-117.550424839033,129.83321142986276
ptend_v_24,-0.0017693152161792694,0.0029356108945978667,-0.007591426443724202,1.0001946041050138,-106.77340039647258,177.15619839296426
ptend_v_25,-0.001676672954666613,0.0016143744284271536,-0.011554204348831768,0.9999973186411143,-115.67527706735032,111.3772419236571
ptend_v_26,-0.001266773312839895,0.0013161583442888173,-0.01192456096181688,0.9996611807325583,-100.19782644886132,104.10402873472846
ptend_v_27,-0.0013775396465638028,0.001139428732468073,-0.009782883403067513,0.9999591884664943,-120.63711784602597,99.78471299811869
ptend_v_28,-0.0013356489971168414,0.0009578346061852605,-0.006388550754385043,1.0001628502317013,-125.76278693486476,90.18832773920712
ptend_v_29,-0.0007607237385089808,0.0009539446291660236,-0.0045386043778063425,1.000158154318134,-77.52051548212972,97.21042692752279
ptend_v_30,-0.000867705878564274,0.0008121947358481692,-0.002980238725203528,1.0001514386962842,-96.96350745202056,90.76030515341529
ptend_v_31,-0.0006655278128291904,0.0007231884782550546,-0.00031387919669879536,1.0001434283588715,-81.50097120917133,88.56213400685763
ptend_v_32,-0.0004802071246552823,0.0005257313825297825,0.002646147614091783,1.000288994703042,-63.42897147081308,69.44212018455707
ptend_v_33,-0.0004544075528240891,0.0004306344230554101,0.004636381724000227,1.00034959371672,-64.09031636828377,60.73731882572591
ptend_v_34,-0.000623450226369604,0.0004380804411541857,0.004333423964133412,1.0003196411177082,-91.24449329182403,64.11486624511271
ptend_v_35,-0.0005738519151746709,0.00042941335045318125,0.000694182252906462,1.000257446437828,-83.75546360822635,62.674207919687106
ptend_v_36,-0.000645400520319818,0.0005590324717468808,-0.009121795681519914,1.0002595364059041,-90.0313078120674,77.98324134576751
ptend_v_37,-0.0005650177410875353,0.000527726998367973,-0.020620426961784545,1.0003309128636046,-72.6097807482047,67.81759024531279
ptend_v_38,-0.0005217284768960662,0.0005307582722513053,-0.02911407383801187,1.0003057943558307,-60.86772285417931,61.92118860399334
ptend_v_39,-0.0005506656482977535,0.0004785823860776661,-0.03280301181530773,1.000233589072357,-59.17364788378461,51.42769607053553
ptend_v_40,-0.0005536033286132336,0.0004366427164018264,-0.030801515314896402,1.0001699498369232,-55.50425442901407,43.77778668067689
ptend_v_41,-0.0005387805280595059,0.0005185869375364967,-0.02160029138104287,1.0001132220476636,-50.70408866054272,48.80369035190105
ptend_v_42,-0.0006190523352705668,0.0006127281029593101,-0.007562196747605377,1.0000646304766627,-54.748923259924126,54.18960882112859
ptend_v_43,-0.0005040633505497893,0.0006305260832733365,0.00881183363320013,0.9999853993924079,-41.703632295631365,52.16651419103428
ptend_v_44,-0.0005722347831331892,0.0007551587126860867,0.023915694806138837,1.0000007621668499,-44.097033957510924,58.19335066333756
ptend_v_45,-0.0005584641271267228,0.0005567799183885787,0.03424374803966022,0.9999310244853241,-39.83721864097757,39.71707808318796
ptend_v_46,-0.00043539943169691676,0.000746330655750392,0.039652980051062846,0.9999430009463852,-28.736242897049575,49.25761827839664
ptend_v_47,-0.00045267648466756016,0.0006289261963404869,0.03816967921978255,0.9998729721746776,-27.97495281111826,38.867008250322876
ptend_v_48,-0.0004569917819252719,0.0006717287718452273,0.03052582168372169,0.999739250281516,-26.61399328481802,39.1197079032622
ptend_v_49,-0.0005121519382611465,0.0007589978524340505,0.018378584666391126,0.9998450195369776,-28.022445881224318,41.52864541723867
ptend_v_50,-0.0005451676945579124,0.0006638639428788821,0.004655303713439711,0.9999713583566913,-27.708608370274263,33.74144540845132
ptend_v_51,-0.0007507637069406048,0.0007592072317286566,-0.009699621439571865,0.9999109090320049,-34.57955837824143,34.96846018000323
ptend_v_52,-0.0009429861044906011,0.0005084713853463807,-0.026124922378021883,0.9999152331880267,-38.41749954861223,20.715256697848314
ptend_v_53,-0.0011095686876928152,0.0006665062392065213,-0.03608829949920457,0.9999776937964603,-40.31706845546787,24.218038928226473
ptend_v_54,-0.001147963890224261,0.0006074856259840951,-0.03759546411790903,1.0000843880954857,-39.00962182050916,20.64331877756654
ptend_v_55,-0.0006795373902278045,0.0006142047316935371,-0.0336080365936609,1.000038918472925,-22.825466820479217,20.630961483300197
ptend_v_56,-0.0005876516922658197,0.00057798611432388,-0.017333943726779974,0.9999855956743339,-19.97362593017722,19.645103710719457
ptend_v_57,-0.0004860138033744151,0.0004859049622599361,0.022647397198059756,1.0000409706635043,-17.629147803967637,17.625199817138917
ptend_v_58,-0.000550844198290088,0.0005015144045344888,0.05757319982971845,1.0001174756404936,-22.6856061841494,20.654040311696473
ptend_v_59,-0.000770930490413334,0.0007306296494140704,0.018516058128032472,0.9999930346526682,-22.50664009566739,21.33009235861157
cam_out_NETSW,0.0,1106.6817559483907,0.641696848678776,0.9999814659877845,0.0,4.486060091698915
cam_out_FLWDS,57.21755870326198,528.0980661584562,4.87568913339053,0.9999048329332604,0.794318399052335,7.331281165438898
cam_out_PRECSC,0.0,2.935077452892615e-7,0.36997998298880425,0.9997265969752103,0.0,39.66166772327446
cam_out_PRECC,0.0,2.200683891893115e-6,0.35671172399360324,1.0000978387856776,0.0,26.891735541099248
cam_out_SOLS,0.0,518.9027657449345,0.5604751638973753,1.0000098674149138,0.0,4.706721719997375
cam_out_SOLL,0.0,575.2573082450522,0.5781946063029826,1.0000062621957364,0.0,4.9413942198902605
cam_out_SOLSD,0.0,425.175774855084,0.7208700430307056,0.9999382849714964,0.0,9.15693365414901
cam_out_SOLLD,0.0,271.06963176032775,0.5950055270337783,0.9999143849614343,0.0,9.116649336822254
